TIME_OUT,DP_PROB
5,96.59700142688791
10,96.66753126431819
20,96.71814978607792
30,96.73117629834691
40,96.74295307535257
50,96.72872270190992
60,96.7403909017262
70,96.74251750761682
80,96.74670795292586
90,96.74940354390692
100,96.75113882889278